expID,ligand,base,solvent,notation
1,1,1,1,Ar-H_Na2CO3_DMSO
2,2,1,1,Ar-OMe_Na2CO3_DMSO
3,3,1,1,Ar-Me2OMe_Na2CO3_DMSO
4,4,1,1,Ar-Me3_Na2CO3_DMSO
5,5,1,1,Ar-Me2_Na2CO3_DMSO
6,6,1,1,Ar-F_Na2CO3_DMSO
7,7,1,1,Ar-CF3_Na2CO3_DMSO
8,8,1,1,Ar-CF32_Na2CO3_DMSO
9,9,1,1,Ar-F5_Na2CO3_DMSO
10,10,1,1,Ar-Cl_Na2CO3_DMSO
11,11,1,1,Ak-Cy_Na2CO3_DMSO
12,12,1,1,Ak-tBu_Na2CO3_DMSO
13,13,1,1,Ak-nBu_Na2CO3_DMSO
14,14,1,1,Ak-Me_Na2CO3_DMSO
15,15,1,1,Ak-Et_Na2CO3_DMSO
16,1,2,1,Ar-H_NaHCO3_DMSO
17,2,2,1,Ar-OMe_NaHCO3_DMSO
18,3,2,1,Ar-Me2OMe_NaHCO3_DMSO
19,4,2,1,Ar-Me3_NaHCO3_DMSO
20,5,2,1,Ar-Me2_NaHCO3_DMSO
21,6,2,1,Ar-F_NaHCO3_DMSO
22,7,2,1,Ar-CF3_NaHCO3_DMSO
23,8,2,1,Ar-CF32_NaHCO3_DMSO
24,9,2,1,Ar-F5_NaHCO3_DMSO
25,10,2,1,Ar-Cl_NaHCO3_DMSO
26,11,2,1,Ak-Cy_NaHCO3_DMSO
27,12,2,1,Ak-tBu_NaHCO3_DMSO
28,13,2,1,Ak-nBu_NaHCO3_DMSO
29,14,2,1,Ak-Me_NaHCO3_DMSO
30,15,2,1,Ak-Et_NaHCO3_DMSO
31,1,3,1,Ar-H_NaOH_DMSO
32,2,3,1,Ar-OMe_NaOH_DMSO
33,3,3,1,Ar-Me2OMe_NaOH_DMSO
34,4,3,1,Ar-Me3_NaOH_DMSO
35,5,3,1,Ar-Me2_NaOH_DMSO
36,6,3,1,Ar-F_NaOH_DMSO
37,7,3,1,Ar-CF3_NaOH_DMSO
38,8,3,1,Ar-CF32_NaOH_DMSO
39,9,3,1,Ar-F5_NaOH_DMSO
40,10,3,1,Ar-Cl_NaOH_DMSO
41,11,3,1,Ak-Cy_NaOH_DMSO
42,12,3,1,Ak-tBu_NaOH_DMSO
43,13,3,1,Ak-nBu_NaOH_DMSO
44,14,3,1,Ak-Me_NaOH_DMSO
45,15,3,1,Ak-Et_NaOH_DMSO
46,1,4,1,Ar-H_K2CO3_DMSO
47,2,4,1,Ar-OMe_K2CO3_DMSO
48,3,4,1,Ar-Me2OMe_K2CO3_DMSO
49,4,4,1,Ar-Me3_K2CO3_DMSO
50,5,4,1,Ar-Me2_K2CO3_DMSO
51,6,4,1,Ar-F_K2CO3_DMSO
52,7,4,1,Ar-CF3_K2CO3_DMSO
53,8,4,1,Ar-CF32_K2CO3_DMSO
54,9,4,1,Ar-F5_K2CO3_DMSO
55,10,4,1,Ar-Cl_K2CO3_DMSO
56,11,4,1,Ak-Cy_K2CO3_DMSO
57,12,4,1,Ak-tBu_K2CO3_DMSO
58,13,4,1,Ak-nBu_K2CO3_DMSO
59,14,4,1,Ak-Me_K2CO3_DMSO
60,15,4,1,Ak-Et_K2CO3_DMSO
61,1,5,1,Ar-H_KOH_DMSO
62,2,5,1,Ar-OMe_KOH_DMSO
63,3,5,1,Ar-Me2OMe_KOH_DMSO
64,4,5,1,Ar-Me3_KOH_DMSO
65,5,5,1,Ar-Me2_KOH_DMSO
66,6,5,1,Ar-F_KOH_DMSO
67,7,5,1,Ar-CF3_KOH_DMSO
68,8,5,1,Ar-CF32_KOH_DMSO
69,9,5,1,Ar-F5_KOH_DMSO
70,10,5,1,Ar-Cl_KOH_DMSO
71,11,5,1,Ak-Cy_KOH_DMSO
72,12,5,1,Ak-tBu_KOH_DMSO
73,13,5,1,Ak-nBu_KOH_DMSO
74,14,5,1,Ak-Me_KOH_DMSO
75,15,5,1,Ak-Et_KOH_DMSO
76,1,6,1,Ar-H_K3PO4_DMSO
77,2,6,1,Ar-OMe_K3PO4_DMSO
78,3,6,1,Ar-Me2OMe_K3PO4_DMSO
79,4,6,1,Ar-Me3_K3PO4_DMSO
80,5,6,1,Ar-Me2_K3PO4_DMSO
81,6,6,1,Ar-F_K3PO4_DMSO
82,7,6,1,Ar-CF3_K3PO4_DMSO
83,8,6,1,Ar-CF32_K3PO4_DMSO
84,9,6,1,Ar-F5_K3PO4_DMSO
85,10,6,1,Ar-Cl_K3PO4_DMSO
86,11,6,1,Ak-Cy_K3PO4_DMSO
87,12,6,1,Ak-tBu_K3PO4_DMSO
88,13,6,1,Ak-nBu_K3PO4_DMSO
89,14,6,1,Ak-Me_K3PO4_DMSO
90,15,6,1,Ak-Et_K3PO4_DMSO
91,1,7,1,Ar-H_KOAc_DMSO
92,2,7,1,Ar-OMe_KOAc_DMSO
93,3,7,1,Ar-Me2OMe_KOAc_DMSO
94,4,7,1,Ar-Me3_KOAc_DMSO
95,5,7,1,Ar-Me2_KOAc_DMSO
96,6,7,1,Ar-F_KOAc_DMSO
97,7,7,1,Ar-CF3_KOAc_DMSO
98,8,7,1,Ar-CF32_KOAc_DMSO
99,9,7,1,Ar-F5_KOAc_DMSO
100,10,7,1,Ar-Cl_KOAc_DMSO
101,11,7,1,Ak-Cy_KOAc_DMSO
102,12,7,1,Ak-tBu_KOAc_DMSO
103,13,7,1,Ak-nBu_KOAc_DMSO
104,14,7,1,Ak-Me_KOAc_DMSO
105,15,7,1,Ak-Et_KOAc_DMSO
106,1,8,1,Ar-H_Cs2CO3_DMSO
107,2,8,1,Ar-OMe_Cs2CO3_DMSO
108,3,8,1,Ar-Me2OMe_Cs2CO3_DMSO
109,4,8,1,Ar-Me3_Cs2CO3_DMSO
110,5,8,1,Ar-Me2_Cs2CO3_DMSO
111,6,8,1,Ar-F_Cs2CO3_DMSO
112,7,8,1,Ar-CF3_Cs2CO3_DMSO
113,8,8,1,Ar-CF32_Cs2CO3_DMSO
114,9,8,1,Ar-F5_Cs2CO3_DMSO
115,10,8,1,Ar-Cl_Cs2CO3_DMSO
116,11,8,1,Ak-Cy_Cs2CO3_DMSO
117,12,8,1,Ak-tBu_Cs2CO3_DMSO
118,13,8,1,Ak-nBu_Cs2CO3_DMSO
119,14,8,1,Ak-Me_Cs2CO3_DMSO
120,15,8,1,Ak-Et_Cs2CO3_DMSO
121,1,9,1,Ar-H_CsF_DMSO
122,2,9,1,Ar-OMe_CsF_DMSO
123,3,9,1,Ar-Me2OMe_CsF_DMSO
124,4,9,1,Ar-Me3_CsF_DMSO
125,5,9,1,Ar-Me2_CsF_DMSO
126,6,9,1,Ar-F_CsF_DMSO
127,7,9,1,Ar-CF3_CsF_DMSO
128,8,9,1,Ar-CF32_CsF_DMSO
129,9,9,1,Ar-F5_CsF_DMSO
130,10,9,1,Ar-Cl_CsF_DMSO
131,11,9,1,Ak-Cy_CsF_DMSO
132,12,9,1,Ak-tBu_CsF_DMSO
133,13,9,1,Ak-nBu_CsF_DMSO
134,14,9,1,Ak-Me_CsF_DMSO
135,15,9,1,Ak-Et_CsF_DMSO
136,1,10,1,Ar-H_NEt4OH_DMSO
137,2,10,1,Ar-OMe_NEt4OH_DMSO
138,3,10,1,Ar-Me2OMe_NEt4OH_DMSO
139,4,10,1,Ar-Me3_NEt4OH_DMSO
140,5,10,1,Ar-Me2_NEt4OH_DMSO
141,6,10,1,Ar-F_NEt4OH_DMSO
142,7,10,1,Ar-CF3_NEt4OH_DMSO
143,8,10,1,Ar-CF32_NEt4OH_DMSO
144,9,10,1,Ar-F5_NEt4OH_DMSO
145,10,10,1,Ar-Cl_NEt4OH_DMSO
146,11,10,1,Ak-Cy_NEt4OH_DMSO
147,12,10,1,Ak-tBu_NEt4OH_DMSO
148,13,10,1,Ak-nBu_NEt4OH_DMSO
149,14,10,1,Ak-Me_NEt4OH_DMSO
150,15,10,1,Ak-Et_NEt4OH_DMSO
151,1,1,2,Ar-H_Na2CO3_DMF
152,2,1,2,Ar-OMe_Na2CO3_DMF
153,3,1,2,Ar-Me2OMe_Na2CO3_DMF
154,4,1,2,Ar-Me3_Na2CO3_DMF
155,5,1,2,Ar-Me2_Na2CO3_DMF
156,6,1,2,Ar-F_Na2CO3_DMF
157,7,1,2,Ar-CF3_Na2CO3_DMF
158,8,1,2,Ar-CF32_Na2CO3_DMF
159,9,1,2,Ar-F5_Na2CO3_DMF
160,10,1,2,Ar-Cl_Na2CO3_DMF
161,11,1,2,Ak-Cy_Na2CO3_DMF
162,12,1,2,Ak-tBu_Na2CO3_DMF
163,13,1,2,Ak-nBu_Na2CO3_DMF
164,14,1,2,Ak-Me_Na2CO3_DMF
165,15,1,2,Ak-Et_Na2CO3_DMF
166,1,2,2,Ar-H_NaHCO3_DMF
167,2,2,2,Ar-OMe_NaHCO3_DMF
168,3,2,2,Ar-Me2OMe_NaHCO3_DMF
169,4,2,2,Ar-Me3_NaHCO3_DMF
170,5,2,2,Ar-Me2_NaHCO3_DMF
171,6,2,2,Ar-F_NaHCO3_DMF
172,7,2,2,Ar-CF3_NaHCO3_DMF
173,8,2,2,Ar-CF32_NaHCO3_DMF
174,9,2,2,Ar-F5_NaHCO3_DMF
175,10,2,2,Ar-Cl_NaHCO3_DMF
176,11,2,2,Ak-Cy_NaHCO3_DMF
177,12,2,2,Ak-tBu_NaHCO3_DMF
178,13,2,2,Ak-nBu_NaHCO3_DMF
179,14,2,2,Ak-Me_NaHCO3_DMF
180,15,2,2,Ak-Et_NaHCO3_DMF
181,1,3,2,Ar-H_NaOH_DMF
182,2,3,2,Ar-OMe_NaOH_DMF
183,3,3,2,Ar-Me2OMe_NaOH_DMF
184,4,3,2,Ar-Me3_NaOH_DMF
185,5,3,2,Ar-Me2_NaOH_DMF
186,6,3,2,Ar-F_NaOH_DMF
187,7,3,2,Ar-CF3_NaOH_DMF
188,8,3,2,Ar-CF32_NaOH_DMF
189,9,3,2,Ar-F5_NaOH_DMF
190,10,3,2,Ar-Cl_NaOH_DMF
191,11,3,2,Ak-Cy_NaOH_DMF
192,12,3,2,Ak-tBu_NaOH_DMF
193,13,3,2,Ak-nBu_NaOH_DMF
194,14,3,2,Ak-Me_NaOH_DMF
195,15,3,2,Ak-Et_NaOH_DMF
196,1,4,2,Ar-H_K2CO3_DMF
197,2,4,2,Ar-OMe_K2CO3_DMF
198,3,4,2,Ar-Me2OMe_K2CO3_DMF
199,4,4,2,Ar-Me3_K2CO3_DMF
200,5,4,2,Ar-Me2_K2CO3_DMF
201,6,4,2,Ar-F_K2CO3_DMF
202,7,4,2,Ar-CF3_K2CO3_DMF
203,8,4,2,Ar-CF32_K2CO3_DMF
204,9,4,2,Ar-F5_K2CO3_DMF
205,10,4,2,Ar-Cl_K2CO3_DMF
206,11,4,2,Ak-Cy_K2CO3_DMF
207,12,4,2,Ak-tBu_K2CO3_DMF
208,13,4,2,Ak-nBu_K2CO3_DMF
209,14,4,2,Ak-Me_K2CO3_DMF
210,15,4,2,Ak-Et_K2CO3_DMF
211,1,5,2,Ar-H_KOH_DMF
212,2,5,2,Ar-OMe_KOH_DMF
213,3,5,2,Ar-Me2OMe_KOH_DMF
214,4,5,2,Ar-Me3_KOH_DMF
215,5,5,2,Ar-Me2_KOH_DMF
216,6,5,2,Ar-F_KOH_DMF
217,7,5,2,Ar-CF3_KOH_DMF
218,8,5,2,Ar-CF32_KOH_DMF
219,9,5,2,Ar-F5_KOH_DMF
220,10,5,2,Ar-Cl_KOH_DMF
221,11,5,2,Ak-Cy_KOH_DMF
222,12,5,2,Ak-tBu_KOH_DMF
223,13,5,2,Ak-nBu_KOH_DMF
224,14,5,2,Ak-Me_KOH_DMF
225,15,5,2,Ak-Et_KOH_DMF
226,1,6,2,Ar-H_K3PO4_DMF
227,2,6,2,Ar-OMe_K3PO4_DMF
228,3,6,2,Ar-Me2OMe_K3PO4_DMF
229,4,6,2,Ar-Me3_K3PO4_DMF
230,5,6,2,Ar-Me2_K3PO4_DMF
231,6,6,2,Ar-F_K3PO4_DMF
232,7,6,2,Ar-CF3_K3PO4_DMF
233,8,6,2,Ar-CF32_K3PO4_DMF
234,9,6,2,Ar-F5_K3PO4_DMF
235,10,6,2,Ar-Cl_K3PO4_DMF
236,11,6,2,Ak-Cy_K3PO4_DMF
237,12,6,2,Ak-tBu_K3PO4_DMF
238,13,6,2,Ak-nBu_K3PO4_DMF
239,14,6,2,Ak-Me_K3PO4_DMF
240,15,6,2,Ak-Et_K3PO4_DMF
241,1,7,2,Ar-H_KOAc_DMF
242,2,7,2,Ar-OMe_KOAc_DMF
243,3,7,2,Ar-Me2OMe_KOAc_DMF
244,4,7,2,Ar-Me3_KOAc_DMF
245,5,7,2,Ar-Me2_KOAc_DMF
246,6,7,2,Ar-F_KOAc_DMF
247,7,7,2,Ar-CF3_KOAc_DMF
248,8,7,2,Ar-CF32_KOAc_DMF
249,9,7,2,Ar-F5_KOAc_DMF
250,10,7,2,Ar-Cl_KOAc_DMF
251,11,7,2,Ak-Cy_KOAc_DMF
252,12,7,2,Ak-tBu_KOAc_DMF
253,13,7,2,Ak-nBu_KOAc_DMF
254,14,7,2,Ak-Me_KOAc_DMF
255,15,7,2,Ak-Et_KOAc_DMF
256,1,8,2,Ar-H_Cs2CO3_DMF
257,2,8,2,Ar-OMe_Cs2CO3_DMF
258,3,8,2,Ar-Me2OMe_Cs2CO3_DMF
259,4,8,2,Ar-Me3_Cs2CO3_DMF
260,5,8,2,Ar-Me2_Cs2CO3_DMF
261,6,8,2,Ar-F_Cs2CO3_DMF
262,7,8,2,Ar-CF3_Cs2CO3_DMF
263,8,8,2,Ar-CF32_Cs2CO3_DMF
264,9,8,2,Ar-F5_Cs2CO3_DMF
265,10,8,2,Ar-Cl_Cs2CO3_DMF
266,11,8,2,Ak-Cy_Cs2CO3_DMF
267,12,8,2,Ak-tBu_Cs2CO3_DMF
268,13,8,2,Ak-nBu_Cs2CO3_DMF
269,14,8,2,Ak-Me_Cs2CO3_DMF
270,15,8,2,Ak-Et_Cs2CO3_DMF
271,1,9,2,Ar-H_CsF_DMF
272,2,9,2,Ar-OMe_CsF_DMF
273,3,9,2,Ar-Me2OMe_CsF_DMF
274,4,9,2,Ar-Me3_CsF_DMF
275,5,9,2,Ar-Me2_CsF_DMF
276,6,9,2,Ar-F_CsF_DMF
277,7,9,2,Ar-CF3_CsF_DMF
278,8,9,2,Ar-CF32_CsF_DMF
279,9,9,2,Ar-F5_CsF_DMF
280,10,9,2,Ar-Cl_CsF_DMF
281,11,9,2,Ak-Cy_CsF_DMF
282,12,9,2,Ak-tBu_CsF_DMF
283,13,9,2,Ak-nBu_CsF_DMF
284,14,9,2,Ak-Me_CsF_DMF
285,15,9,2,Ak-Et_CsF_DMF
286,1,10,2,Ar-H_NEt4OH_DMF
287,2,10,2,Ar-OMe_NEt4OH_DMF
288,3,10,2,Ar-Me2OMe_NEt4OH_DMF
289,4,10,2,Ar-Me3_NEt4OH_DMF
290,5,10,2,Ar-Me2_NEt4OH_DMF
291,6,10,2,Ar-F_NEt4OH_DMF
292,7,10,2,Ar-CF3_NEt4OH_DMF
293,8,10,2,Ar-CF32_NEt4OH_DMF
294,9,10,2,Ar-F5_NEt4OH_DMF
295,10,10,2,Ar-Cl_NEt4OH_DMF
296,11,10,2,Ak-Cy_NEt4OH_DMF
297,12,10,2,Ak-tBu_NEt4OH_DMF
298,13,10,2,Ak-nBu_NEt4OH_DMF
299,14,10,2,Ak-Me_NEt4OH_DMF
300,15,10,2,Ak-Et_NEt4OH_DMF
301,1,1,3,Ar-H_Na2CO3_MeCN
302,2,1,3,Ar-OMe_Na2CO3_MeCN
303,3,1,3,Ar-Me2OMe_Na2CO3_MeCN
304,4,1,3,Ar-Me3_Na2CO3_MeCN
305,5,1,3,Ar-Me2_Na2CO3_MeCN
306,6,1,3,Ar-F_Na2CO3_MeCN
307,7,1,3,Ar-CF3_Na2CO3_MeCN
308,8,1,3,Ar-CF32_Na2CO3_MeCN
309,9,1,3,Ar-F5_Na2CO3_MeCN
310,10,1,3,Ar-Cl_Na2CO3_MeCN
311,11,1,3,Ak-Cy_Na2CO3_MeCN
312,12,1,3,Ak-tBu_Na2CO3_MeCN
313,13,1,3,Ak-nBu_Na2CO3_MeCN
314,14,1,3,Ak-Me_Na2CO3_MeCN
315,15,1,3,Ak-Et_Na2CO3_MeCN
316,1,2,3,Ar-H_NaHCO3_MeCN
317,2,2,3,Ar-OMe_NaHCO3_MeCN
318,3,2,3,Ar-Me2OMe_NaHCO3_MeCN
319,4,2,3,Ar-Me3_NaHCO3_MeCN
320,5,2,3,Ar-Me2_NaHCO3_MeCN
321,6,2,3,Ar-F_NaHCO3_MeCN
322,7,2,3,Ar-CF3_NaHCO3_MeCN
323,8,2,3,Ar-CF32_NaHCO3_MeCN
324,9,2,3,Ar-F5_NaHCO3_MeCN
325,10,2,3,Ar-Cl_NaHCO3_MeCN
326,11,2,3,Ak-Cy_NaHCO3_MeCN
327,12,2,3,Ak-tBu_NaHCO3_MeCN
328,13,2,3,Ak-nBu_NaHCO3_MeCN
329,14,2,3,Ak-Me_NaHCO3_MeCN
330,15,2,3,Ak-Et_NaHCO3_MeCN
331,1,3,3,Ar-H_NaOH_MeCN
332,2,3,3,Ar-OMe_NaOH_MeCN
333,3,3,3,Ar-Me2OMe_NaOH_MeCN
334,4,3,3,Ar-Me3_NaOH_MeCN
335,5,3,3,Ar-Me2_NaOH_MeCN
336,6,3,3,Ar-F_NaOH_MeCN
337,7,3,3,Ar-CF3_NaOH_MeCN
338,8,3,3,Ar-CF32_NaOH_MeCN
339,9,3,3,Ar-F5_NaOH_MeCN
340,10,3,3,Ar-Cl_NaOH_MeCN
341,11,3,3,Ak-Cy_NaOH_MeCN
342,12,3,3,Ak-tBu_NaOH_MeCN
343,13,3,3,Ak-nBu_NaOH_MeCN
344,14,3,3,Ak-Me_NaOH_MeCN
345,15,3,3,Ak-Et_NaOH_MeCN
346,1,4,3,Ar-H_K2CO3_MeCN
347,2,4,3,Ar-OMe_K2CO3_MeCN
348,3,4,3,Ar-Me2OMe_K2CO3_MeCN
349,4,4,3,Ar-Me3_K2CO3_MeCN
350,5,4,3,Ar-Me2_K2CO3_MeCN
351,6,4,3,Ar-F_K2CO3_MeCN
352,7,4,3,Ar-CF3_K2CO3_MeCN
353,8,4,3,Ar-CF32_K2CO3_MeCN
354,9,4,3,Ar-F5_K2CO3_MeCN
355,10,4,3,Ar-Cl_K2CO3_MeCN
356,11,4,3,Ak-Cy_K2CO3_MeCN
357,12,4,3,Ak-tBu_K2CO3_MeCN
358,13,4,3,Ak-nBu_K2CO3_MeCN
359,14,4,3,Ak-Me_K2CO3_MeCN
360,15,4,3,Ak-Et_K2CO3_MeCN
361,1,5,3,Ar-H_KOH_MeCN
362,2,5,3,Ar-OMe_KOH_MeCN
363,3,5,3,Ar-Me2OMe_KOH_MeCN
364,4,5,3,Ar-Me3_KOH_MeCN
365,5,5,3,Ar-Me2_KOH_MeCN
366,6,5,3,Ar-F_KOH_MeCN
367,7,5,3,Ar-CF3_KOH_MeCN
368,8,5,3,Ar-CF32_KOH_MeCN
369,9,5,3,Ar-F5_KOH_MeCN
370,10,5,3,Ar-Cl_KOH_MeCN
371,11,5,3,Ak-Cy_KOH_MeCN
372,12,5,3,Ak-tBu_KOH_MeCN
373,13,5,3,Ak-nBu_KOH_MeCN
374,14,5,3,Ak-Me_KOH_MeCN
375,15,5,3,Ak-Et_KOH_MeCN
376,1,6,3,Ar-H_K3PO4_MeCN
377,2,6,3,Ar-OMe_K3PO4_MeCN
378,3,6,3,Ar-Me2OMe_K3PO4_MeCN
379,4,6,3,Ar-Me3_K3PO4_MeCN
380,5,6,3,Ar-Me2_K3PO4_MeCN
381,6,6,3,Ar-F_K3PO4_MeCN
382,7,6,3,Ar-CF3_K3PO4_MeCN
383,8,6,3,Ar-CF32_K3PO4_MeCN
384,9,6,3,Ar-F5_K3PO4_MeCN
385,10,6,3,Ar-Cl_K3PO4_MeCN
386,11,6,3,Ak-Cy_K3PO4_MeCN
387,12,6,3,Ak-tBu_K3PO4_MeCN
388,13,6,3,Ak-nBu_K3PO4_MeCN
389,14,6,3,Ak-Me_K3PO4_MeCN
390,15,6,3,Ak-Et_K3PO4_MeCN
391,1,7,3,Ar-H_KOAc_MeCN
392,2,7,3,Ar-OMe_KOAc_MeCN
393,3,7,3,Ar-Me2OMe_KOAc_MeCN
394,4,7,3,Ar-Me3_KOAc_MeCN
395,5,7,3,Ar-Me2_KOAc_MeCN
396,6,7,3,Ar-F_KOAc_MeCN
397,7,7,3,Ar-CF3_KOAc_MeCN
398,8,7,3,Ar-CF32_KOAc_MeCN
399,9,7,3,Ar-F5_KOAc_MeCN
400,10,7,3,Ar-Cl_KOAc_MeCN
401,11,7,3,Ak-Cy_KOAc_MeCN
402,12,7,3,Ak-tBu_KOAc_MeCN
403,13,7,3,Ak-nBu_KOAc_MeCN
404,14,7,3,Ak-Me_KOAc_MeCN
405,15,7,3,Ak-Et_KOAc_MeCN
406,1,8,3,Ar-H_Cs2CO3_MeCN
407,2,8,3,Ar-OMe_Cs2CO3_MeCN
408,3,8,3,Ar-Me2OMe_Cs2CO3_MeCN
409,4,8,3,Ar-Me3_Cs2CO3_MeCN
410,5,8,3,Ar-Me2_Cs2CO3_MeCN
411,6,8,3,Ar-F_Cs2CO3_MeCN
412,7,8,3,Ar-CF3_Cs2CO3_MeCN
413,8,8,3,Ar-CF32_Cs2CO3_MeCN
414,9,8,3,Ar-F5_Cs2CO3_MeCN
415,10,8,3,Ar-Cl_Cs2CO3_MeCN
416,11,8,3,Ak-Cy_Cs2CO3_MeCN
417,12,8,3,Ak-tBu_Cs2CO3_MeCN
418,13,8,3,Ak-nBu_Cs2CO3_MeCN
419,14,8,3,Ak-Me_Cs2CO3_MeCN
420,15,8,3,Ak-Et_Cs2CO3_MeCN
421,1,9,3,Ar-H_CsF_MeCN
422,2,9,3,Ar-OMe_CsF_MeCN
423,3,9,3,Ar-Me2OMe_CsF_MeCN
424,4,9,3,Ar-Me3_CsF_MeCN
425,5,9,3,Ar-Me2_CsF_MeCN
426,6,9,3,Ar-F_CsF_MeCN
427,7,9,3,Ar-CF3_CsF_MeCN
428,8,9,3,Ar-CF32_CsF_MeCN
429,9,9,3,Ar-F5_CsF_MeCN
430,10,9,3,Ar-Cl_CsF_MeCN
431,11,9,3,Ak-Cy_CsF_MeCN
432,12,9,3,Ak-tBu_CsF_MeCN
433,13,9,3,Ak-nBu_CsF_MeCN
434,14,9,3,Ak-Me_CsF_MeCN
435,15,9,3,Ak-Et_CsF_MeCN
436,1,10,3,Ar-H_NEt4OH_MeCN
437,2,10,3,Ar-OMe_NEt4OH_MeCN
438,3,10,3,Ar-Me2OMe_NEt4OH_MeCN
439,4,10,3,Ar-Me3_NEt4OH_MeCN
440,5,10,3,Ar-Me2_NEt4OH_MeCN
441,6,10,3,Ar-F_NEt4OH_MeCN
442,7,10,3,Ar-CF3_NEt4OH_MeCN
443,8,10,3,Ar-CF32_NEt4OH_MeCN
444,9,10,3,Ar-F5_NEt4OH_MeCN
445,10,10,3,Ar-Cl_NEt4OH_MeCN
446,11,10,3,Ak-Cy_NEt4OH_MeCN
447,12,10,3,Ak-tBu_NEt4OH_MeCN
448,13,10,3,Ak-nBu_NEt4OH_MeCN
449,14,10,3,Ak-Me_NEt4OH_MeCN
450,15,10,3,Ak-Et_NEt4OH_MeCN
451,1,1,4,Ar-H_Na2CO3_nPrOH
452,2,1,4,Ar-OMe_Na2CO3_nPrOH
453,3,1,4,Ar-Me2OMe_Na2CO3_nPrOH
454,4,1,4,Ar-Me3_Na2CO3_nPrOH
455,5,1,4,Ar-Me2_Na2CO3_nPrOH
456,6,1,4,Ar-F_Na2CO3_nPrOH
457,7,1,4,Ar-CF3_Na2CO3_nPrOH
458,8,1,4,Ar-CF32_Na2CO3_nPrOH
459,9,1,4,Ar-F5_Na2CO3_nPrOH
460,10,1,4,Ar-Cl_Na2CO3_nPrOH
461,11,1,4,Ak-Cy_Na2CO3_nPrOH
462,12,1,4,Ak-tBu_Na2CO3_nPrOH
463,13,1,4,Ak-nBu_Na2CO3_nPrOH
464,14,1,4,Ak-Me_Na2CO3_nPrOH
465,15,1,4,Ak-Et_Na2CO3_nPrOH
466,1,2,4,Ar-H_NaHCO3_nPrOH
467,2,2,4,Ar-OMe_NaHCO3_nPrOH
468,3,2,4,Ar-Me2OMe_NaHCO3_nPrOH
469,4,2,4,Ar-Me3_NaHCO3_nPrOH
470,5,2,4,Ar-Me2_NaHCO3_nPrOH
471,6,2,4,Ar-F_NaHCO3_nPrOH
472,7,2,4,Ar-CF3_NaHCO3_nPrOH
473,8,2,4,Ar-CF32_NaHCO3_nPrOH
474,9,2,4,Ar-F5_NaHCO3_nPrOH
475,10,2,4,Ar-Cl_NaHCO3_nPrOH
476,11,2,4,Ak-Cy_NaHCO3_nPrOH
477,12,2,4,Ak-tBu_NaHCO3_nPrOH
478,13,2,4,Ak-nBu_NaHCO3_nPrOH
479,14,2,4,Ak-Me_NaHCO3_nPrOH
480,15,2,4,Ak-Et_NaHCO3_nPrOH
481,1,3,4,Ar-H_NaOH_nPrOH
482,2,3,4,Ar-OMe_NaOH_nPrOH
483,3,3,4,Ar-Me2OMe_NaOH_nPrOH
484,4,3,4,Ar-Me3_NaOH_nPrOH
485,5,3,4,Ar-Me2_NaOH_nPrOH
486,6,3,4,Ar-F_NaOH_nPrOH
487,7,3,4,Ar-CF3_NaOH_nPrOH
488,8,3,4,Ar-CF32_NaOH_nPrOH
489,9,3,4,Ar-F5_NaOH_nPrOH
490,10,3,4,Ar-Cl_NaOH_nPrOH
491,11,3,4,Ak-Cy_NaOH_nPrOH
492,12,3,4,Ak-tBu_NaOH_nPrOH
493,13,3,4,Ak-nBu_NaOH_nPrOH
494,14,3,4,Ak-Me_NaOH_nPrOH
495,15,3,4,Ak-Et_NaOH_nPrOH
496,1,4,4,Ar-H_K2CO3_nPrOH
497,2,4,4,Ar-OMe_K2CO3_nPrOH
498,3,4,4,Ar-Me2OMe_K2CO3_nPrOH
499,4,4,4,Ar-Me3_K2CO3_nPrOH
500,5,4,4,Ar-Me2_K2CO3_nPrOH
501,6,4,4,Ar-F_K2CO3_nPrOH
502,7,4,4,Ar-CF3_K2CO3_nPrOH
503,8,4,4,Ar-CF32_K2CO3_nPrOH
504,9,4,4,Ar-F5_K2CO3_nPrOH
505,10,4,4,Ar-Cl_K2CO3_nPrOH
506,11,4,4,Ak-Cy_K2CO3_nPrOH
507,12,4,4,Ak-tBu_K2CO3_nPrOH
508,13,4,4,Ak-nBu_K2CO3_nPrOH
509,14,4,4,Ak-Me_K2CO3_nPrOH
510,15,4,4,Ak-Et_K2CO3_nPrOH
511,1,5,4,Ar-H_KOH_nPrOH
512,2,5,4,Ar-OMe_KOH_nPrOH
513,3,5,4,Ar-Me2OMe_KOH_nPrOH
514,4,5,4,Ar-Me3_KOH_nPrOH
515,5,5,4,Ar-Me2_KOH_nPrOH
516,6,5,4,Ar-F_KOH_nPrOH
517,7,5,4,Ar-CF3_KOH_nPrOH
518,8,5,4,Ar-CF32_KOH_nPrOH
519,9,5,4,Ar-F5_KOH_nPrOH
520,10,5,4,Ar-Cl_KOH_nPrOH
521,11,5,4,Ak-Cy_KOH_nPrOH
522,12,5,4,Ak-tBu_KOH_nPrOH
523,13,5,4,Ak-nBu_KOH_nPrOH
524,14,5,4,Ak-Me_KOH_nPrOH
525,15,5,4,Ak-Et_KOH_nPrOH
526,1,6,4,Ar-H_K3PO4_nPrOH
527,2,6,4,Ar-OMe_K3PO4_nPrOH
528,3,6,4,Ar-Me2OMe_K3PO4_nPrOH
529,4,6,4,Ar-Me3_K3PO4_nPrOH
530,5,6,4,Ar-Me2_K3PO4_nPrOH
531,6,6,4,Ar-F_K3PO4_nPrOH
532,7,6,4,Ar-CF3_K3PO4_nPrOH
533,8,6,4,Ar-CF32_K3PO4_nPrOH
534,9,6,4,Ar-F5_K3PO4_nPrOH
535,10,6,4,Ar-Cl_K3PO4_nPrOH
536,11,6,4,Ak-Cy_K3PO4_nPrOH
537,12,6,4,Ak-tBu_K3PO4_nPrOH
538,13,6,4,Ak-nBu_K3PO4_nPrOH
539,14,6,4,Ak-Me_K3PO4_nPrOH
540,15,6,4,Ak-Et_K3PO4_nPrOH
541,1,7,4,Ar-H_KOAc_nPrOH
542,2,7,4,Ar-OMe_KOAc_nPrOH
543,3,7,4,Ar-Me2OMe_KOAc_nPrOH
544,4,7,4,Ar-Me3_KOAc_nPrOH
545,5,7,4,Ar-Me2_KOAc_nPrOH
546,6,7,4,Ar-F_KOAc_nPrOH
547,7,7,4,Ar-CF3_KOAc_nPrOH
548,8,7,4,Ar-CF32_KOAc_nPrOH
549,9,7,4,Ar-F5_KOAc_nPrOH
550,10,7,4,Ar-Cl_KOAc_nPrOH
551,11,7,4,Ak-Cy_KOAc_nPrOH
552,12,7,4,Ak-tBu_KOAc_nPrOH
553,13,7,4,Ak-nBu_KOAc_nPrOH
554,14,7,4,Ak-Me_KOAc_nPrOH
555,15,7,4,Ak-Et_KOAc_nPrOH
556,1,8,4,Ar-H_Cs2CO3_nPrOH
557,2,8,4,Ar-OMe_Cs2CO3_nPrOH
558,3,8,4,Ar-Me2OMe_Cs2CO3_nPrOH
559,4,8,4,Ar-Me3_Cs2CO3_nPrOH
560,5,8,4,Ar-Me2_Cs2CO3_nPrOH
561,6,8,4,Ar-F_Cs2CO3_nPrOH
562,7,8,4,Ar-CF3_Cs2CO3_nPrOH
563,8,8,4,Ar-CF32_Cs2CO3_nPrOH
564,9,8,4,Ar-F5_Cs2CO3_nPrOH
565,10,8,4,Ar-Cl_Cs2CO3_nPrOH
566,11,8,4,Ak-Cy_Cs2CO3_nPrOH
567,12,8,4,Ak-tBu_Cs2CO3_nPrOH
568,13,8,4,Ak-nBu_Cs2CO3_nPrOH
569,14,8,4,Ak-Me_Cs2CO3_nPrOH
570,15,8,4,Ak-Et_Cs2CO3_nPrOH
571,1,9,4,Ar-H_CsF_nPrOH
572,2,9,4,Ar-OMe_CsF_nPrOH
573,3,9,4,Ar-Me2OMe_CsF_nPrOH
574,4,9,4,Ar-Me3_CsF_nPrOH
575,5,9,4,Ar-Me2_CsF_nPrOH
576,6,9,4,Ar-F_CsF_nPrOH
577,7,9,4,Ar-CF3_CsF_nPrOH
578,8,9,4,Ar-CF32_CsF_nPrOH
579,9,9,4,Ar-F5_CsF_nPrOH
580,10,9,4,Ar-Cl_CsF_nPrOH
581,11,9,4,Ak-Cy_CsF_nPrOH
582,12,9,4,Ak-tBu_CsF_nPrOH
583,13,9,4,Ak-nBu_CsF_nPrOH
584,14,9,4,Ak-Me_CsF_nPrOH
585,15,9,4,Ak-Et_CsF_nPrOH
586,1,10,4,Ar-H_NEt4OH_nPrOH
587,2,10,4,Ar-OMe_NEt4OH_nPrOH
588,3,10,4,Ar-Me2OMe_NEt4OH_nPrOH
589,4,10,4,Ar-Me3_NEt4OH_nPrOH
590,5,10,4,Ar-Me2_NEt4OH_nPrOH
591,6,10,4,Ar-F_NEt4OH_nPrOH
592,7,10,4,Ar-CF3_NEt4OH_nPrOH
593,8,10,4,Ar-CF32_NEt4OH_nPrOH
594,9,10,4,Ar-F5_NEt4OH_nPrOH
595,10,10,4,Ar-Cl_NEt4OH_nPrOH
596,11,10,4,Ak-Cy_NEt4OH_nPrOH
597,12,10,4,Ak-tBu_NEt4OH_nPrOH
598,13,10,4,Ak-nBu_NEt4OH_nPrOH
599,14,10,4,Ak-Me_NEt4OH_nPrOH
600,15,10,4,Ak-Et_NEt4OH_nPrOH
601,1,1,5,Ar-H_Na2CO3_C2H4Cl2
602,2,1,5,Ar-OMe_Na2CO3_C2H4Cl2
603,3,1,5,Ar-Me2OMe_Na2CO3_C2H4Cl2
604,4,1,5,Ar-Me3_Na2CO3_C2H4Cl2
605,5,1,5,Ar-Me2_Na2CO3_C2H4Cl2
606,6,1,5,Ar-F_Na2CO3_C2H4Cl2
607,7,1,5,Ar-CF3_Na2CO3_C2H4Cl2
608,8,1,5,Ar-CF32_Na2CO3_C2H4Cl2
609,9,1,5,Ar-F5_Na2CO3_C2H4Cl2
610,10,1,5,Ar-Cl_Na2CO3_C2H4Cl2
611,11,1,5,Ak-Cy_Na2CO3_C2H4Cl2
612,12,1,5,Ak-tBu_Na2CO3_C2H4Cl2
613,13,1,5,Ak-nBu_Na2CO3_C2H4Cl2
614,14,1,5,Ak-Me_Na2CO3_C2H4Cl2
615,15,1,5,Ak-Et_Na2CO3_C2H4Cl2
616,1,2,5,Ar-H_NaHCO3_C2H4Cl2
617,2,2,5,Ar-OMe_NaHCO3_C2H4Cl2
618,3,2,5,Ar-Me2OMe_NaHCO3_C2H4Cl2
619,4,2,5,Ar-Me3_NaHCO3_C2H4Cl2
620,5,2,5,Ar-Me2_NaHCO3_C2H4Cl2
621,6,2,5,Ar-F_NaHCO3_C2H4Cl2
622,7,2,5,Ar-CF3_NaHCO3_C2H4Cl2
623,8,2,5,Ar-CF32_NaHCO3_C2H4Cl2
624,9,2,5,Ar-F5_NaHCO3_C2H4Cl2
625,10,2,5,Ar-Cl_NaHCO3_C2H4Cl2
626,11,2,5,Ak-Cy_NaHCO3_C2H4Cl2
627,12,2,5,Ak-tBu_NaHCO3_C2H4Cl2
628,13,2,5,Ak-nBu_NaHCO3_C2H4Cl2
629,14,2,5,Ak-Me_NaHCO3_C2H4Cl2
630,15,2,5,Ak-Et_NaHCO3_C2H4Cl2
631,1,3,5,Ar-H_NaOH_C2H4Cl2
632,2,3,5,Ar-OMe_NaOH_C2H4Cl2
633,3,3,5,Ar-Me2OMe_NaOH_C2H4Cl2
634,4,3,5,Ar-Me3_NaOH_C2H4Cl2
635,5,3,5,Ar-Me2_NaOH_C2H4Cl2
636,6,3,5,Ar-F_NaOH_C2H4Cl2
637,7,3,5,Ar-CF3_NaOH_C2H4Cl2
638,8,3,5,Ar-CF32_NaOH_C2H4Cl2
639,9,3,5,Ar-F5_NaOH_C2H4Cl2
640,10,3,5,Ar-Cl_NaOH_C2H4Cl2
641,11,3,5,Ak-Cy_NaOH_C2H4Cl2
642,12,3,5,Ak-tBu_NaOH_C2H4Cl2
643,13,3,5,Ak-nBu_NaOH_C2H4Cl2
644,14,3,5,Ak-Me_NaOH_C2H4Cl2
645,15,3,5,Ak-Et_NaOH_C2H4Cl2
646,1,4,5,Ar-H_K2CO3_C2H4Cl2
647,2,4,5,Ar-OMe_K2CO3_C2H4Cl2
648,3,4,5,Ar-Me2OMe_K2CO3_C2H4Cl2
649,4,4,5,Ar-Me3_K2CO3_C2H4Cl2
650,5,4,5,Ar-Me2_K2CO3_C2H4Cl2
651,6,4,5,Ar-F_K2CO3_C2H4Cl2
652,7,4,5,Ar-CF3_K2CO3_C2H4Cl2
653,8,4,5,Ar-CF32_K2CO3_C2H4Cl2
654,9,4,5,Ar-F5_K2CO3_C2H4Cl2
655,10,4,5,Ar-Cl_K2CO3_C2H4Cl2
656,11,4,5,Ak-Cy_K2CO3_C2H4Cl2
657,12,4,5,Ak-tBu_K2CO3_C2H4Cl2
658,13,4,5,Ak-nBu_K2CO3_C2H4Cl2
659,14,4,5,Ak-Me_K2CO3_C2H4Cl2
660,15,4,5,Ak-Et_K2CO3_C2H4Cl2
661,1,5,5,Ar-H_KOH_C2H4Cl2
662,2,5,5,Ar-OMe_KOH_C2H4Cl2
663,3,5,5,Ar-Me2OMe_KOH_C2H4Cl2
664,4,5,5,Ar-Me3_KOH_C2H4Cl2
665,5,5,5,Ar-Me2_KOH_C2H4Cl2
666,6,5,5,Ar-F_KOH_C2H4Cl2
667,7,5,5,Ar-CF3_KOH_C2H4Cl2
668,8,5,5,Ar-CF32_KOH_C2H4Cl2
669,9,5,5,Ar-F5_KOH_C2H4Cl2
670,10,5,5,Ar-Cl_KOH_C2H4Cl2
671,11,5,5,Ak-Cy_KOH_C2H4Cl2
672,12,5,5,Ak-tBu_KOH_C2H4Cl2
673,13,5,5,Ak-nBu_KOH_C2H4Cl2
674,14,5,5,Ak-Me_KOH_C2H4Cl2
675,15,5,5,Ak-Et_KOH_C2H4Cl2
676,1,6,5,Ar-H_K3PO4_C2H4Cl2
677,2,6,5,Ar-OMe_K3PO4_C2H4Cl2
678,3,6,5,Ar-Me2OMe_K3PO4_C2H4Cl2
679,4,6,5,Ar-Me3_K3PO4_C2H4Cl2
680,5,6,5,Ar-Me2_K3PO4_C2H4Cl2
681,6,6,5,Ar-F_K3PO4_C2H4Cl2
682,7,6,5,Ar-CF3_K3PO4_C2H4Cl2
683,8,6,5,Ar-CF32_K3PO4_C2H4Cl2
684,9,6,5,Ar-F5_K3PO4_C2H4Cl2
685,10,6,5,Ar-Cl_K3PO4_C2H4Cl2
686,11,6,5,Ak-Cy_K3PO4_C2H4Cl2
687,12,6,5,Ak-tBu_K3PO4_C2H4Cl2
688,13,6,5,Ak-nBu_K3PO4_C2H4Cl2
689,14,6,5,Ak-Me_K3PO4_C2H4Cl2
690,15,6,5,Ak-Et_K3PO4_C2H4Cl2
691,1,7,5,Ar-H_KOAc_C2H4Cl2
692,2,7,5,Ar-OMe_KOAc_C2H4Cl2
693,3,7,5,Ar-Me2OMe_KOAc_C2H4Cl2
694,4,7,5,Ar-Me3_KOAc_C2H4Cl2
695,5,7,5,Ar-Me2_KOAc_C2H4Cl2
696,6,7,5,Ar-F_KOAc_C2H4Cl2
697,7,7,5,Ar-CF3_KOAc_C2H4Cl2
698,8,7,5,Ar-CF32_KOAc_C2H4Cl2
699,9,7,5,Ar-F5_KOAc_C2H4Cl2
700,10,7,5,Ar-Cl_KOAc_C2H4Cl2
701,11,7,5,Ak-Cy_KOAc_C2H4Cl2
702,12,7,5,Ak-tBu_KOAc_C2H4Cl2
703,13,7,5,Ak-nBu_KOAc_C2H4Cl2
704,14,7,5,Ak-Me_KOAc_C2H4Cl2
705,15,7,5,Ak-Et_KOAc_C2H4Cl2
706,1,8,5,Ar-H_Cs2CO3_C2H4Cl2
707,2,8,5,Ar-OMe_Cs2CO3_C2H4Cl2
708,3,8,5,Ar-Me2OMe_Cs2CO3_C2H4Cl2
709,4,8,5,Ar-Me3_Cs2CO3_C2H4Cl2
710,5,8,5,Ar-Me2_Cs2CO3_C2H4Cl2
711,6,8,5,Ar-F_Cs2CO3_C2H4Cl2
712,7,8,5,Ar-CF3_Cs2CO3_C2H4Cl2
713,8,8,5,Ar-CF32_Cs2CO3_C2H4Cl2
714,9,8,5,Ar-F5_Cs2CO3_C2H4Cl2
715,10,8,5,Ar-Cl_Cs2CO3_C2H4Cl2
716,11,8,5,Ak-Cy_Cs2CO3_C2H4Cl2
717,12,8,5,Ak-tBu_Cs2CO3_C2H4Cl2
718,13,8,5,Ak-nBu_Cs2CO3_C2H4Cl2
719,14,8,5,Ak-Me_Cs2CO3_C2H4Cl2
720,15,8,5,Ak-Et_Cs2CO3_C2H4Cl2
721,1,9,5,Ar-H_CsF_C2H4Cl2
722,2,9,5,Ar-OMe_CsF_C2H4Cl2
723,3,9,5,Ar-Me2OMe_CsF_C2H4Cl2
724,4,9,5,Ar-Me3_CsF_C2H4Cl2
725,5,9,5,Ar-Me2_CsF_C2H4Cl2
726,6,9,5,Ar-F_CsF_C2H4Cl2
727,7,9,5,Ar-CF3_CsF_C2H4Cl2
728,8,9,5,Ar-CF32_CsF_C2H4Cl2
729,9,9,5,Ar-F5_CsF_C2H4Cl2
730,10,9,5,Ar-Cl_CsF_C2H4Cl2
731,11,9,5,Ak-Cy_CsF_C2H4Cl2
732,12,9,5,Ak-tBu_CsF_C2H4Cl2
733,13,9,5,Ak-nBu_CsF_C2H4Cl2
734,14,9,5,Ak-Me_CsF_C2H4Cl2
735,15,9,5,Ak-Et_CsF_C2H4Cl2
736,1,10,5,Ar-H_NEt4OH_C2H4Cl2
737,2,10,5,Ar-OMe_NEt4OH_C2H4Cl2
738,3,10,5,Ar-Me2OMe_NEt4OH_C2H4Cl2
739,4,10,5,Ar-Me3_NEt4OH_C2H4Cl2
740,5,10,5,Ar-Me2_NEt4OH_C2H4Cl2
741,6,10,5,Ar-F_NEt4OH_C2H4Cl2
742,7,10,5,Ar-CF3_NEt4OH_C2H4Cl2
743,8,10,5,Ar-CF32_NEt4OH_C2H4Cl2
744,9,10,5,Ar-F5_NEt4OH_C2H4Cl2
745,10,10,5,Ar-Cl_NEt4OH_C2H4Cl2
746,11,10,5,Ak-Cy_NEt4OH_C2H4Cl2
747,12,10,5,Ak-tBu_NEt4OH_C2H4Cl2
748,13,10,5,Ak-nBu_NEt4OH_C2H4Cl2
749,14,10,5,Ak-Me_NEt4OH_C2H4Cl2
750,15,10,5,Ak-Et_NEt4OH_C2H4Cl2
751,1,1,6,Ar-H_Na2CO3_PhCF3
752,2,1,6,Ar-OMe_Na2CO3_PhCF3
753,3,1,6,Ar-Me2OMe_Na2CO3_PhCF3
754,4,1,6,Ar-Me3_Na2CO3_PhCF3
755,5,1,6,Ar-Me2_Na2CO3_PhCF3
756,6,1,6,Ar-F_Na2CO3_PhCF3
757,7,1,6,Ar-CF3_Na2CO3_PhCF3
758,8,1,6,Ar-CF32_Na2CO3_PhCF3
759,9,1,6,Ar-F5_Na2CO3_PhCF3
760,10,1,6,Ar-Cl_Na2CO3_PhCF3
761,11,1,6,Ak-Cy_Na2CO3_PhCF3
762,12,1,6,Ak-tBu_Na2CO3_PhCF3
763,13,1,6,Ak-nBu_Na2CO3_PhCF3
764,14,1,6,Ak-Me_Na2CO3_PhCF3
765,15,1,6,Ak-Et_Na2CO3_PhCF3
766,1,2,6,Ar-H_NaHCO3_PhCF3
767,2,2,6,Ar-OMe_NaHCO3_PhCF3
768,3,2,6,Ar-Me2OMe_NaHCO3_PhCF3
769,4,2,6,Ar-Me3_NaHCO3_PhCF3
770,5,2,6,Ar-Me2_NaHCO3_PhCF3
771,6,2,6,Ar-F_NaHCO3_PhCF3
772,7,2,6,Ar-CF3_NaHCO3_PhCF3
773,8,2,6,Ar-CF32_NaHCO3_PhCF3
774,9,2,6,Ar-F5_NaHCO3_PhCF3
775,10,2,6,Ar-Cl_NaHCO3_PhCF3
776,11,2,6,Ak-Cy_NaHCO3_PhCF3
777,12,2,6,Ak-tBu_NaHCO3_PhCF3
778,13,2,6,Ak-nBu_NaHCO3_PhCF3
779,14,2,6,Ak-Me_NaHCO3_PhCF3
780,15,2,6,Ak-Et_NaHCO3_PhCF3
781,1,3,6,Ar-H_NaOH_PhCF3
782,2,3,6,Ar-OMe_NaOH_PhCF3
783,3,3,6,Ar-Me2OMe_NaOH_PhCF3
784,4,3,6,Ar-Me3_NaOH_PhCF3
785,5,3,6,Ar-Me2_NaOH_PhCF3
786,6,3,6,Ar-F_NaOH_PhCF3
787,7,3,6,Ar-CF3_NaOH_PhCF3
788,8,3,6,Ar-CF32_NaOH_PhCF3
789,9,3,6,Ar-F5_NaOH_PhCF3
790,10,3,6,Ar-Cl_NaOH_PhCF3
791,11,3,6,Ak-Cy_NaOH_PhCF3
792,12,3,6,Ak-tBu_NaOH_PhCF3
793,13,3,6,Ak-nBu_NaOH_PhCF3
794,14,3,6,Ak-Me_NaOH_PhCF3
795,15,3,6,Ak-Et_NaOH_PhCF3
796,1,4,6,Ar-H_K2CO3_PhCF3
797,2,4,6,Ar-OMe_K2CO3_PhCF3
798,3,4,6,Ar-Me2OMe_K2CO3_PhCF3
799,4,4,6,Ar-Me3_K2CO3_PhCF3
800,5,4,6,Ar-Me2_K2CO3_PhCF3
801,6,4,6,Ar-F_K2CO3_PhCF3
802,7,4,6,Ar-CF3_K2CO3_PhCF3
803,8,4,6,Ar-CF32_K2CO3_PhCF3
804,9,4,6,Ar-F5_K2CO3_PhCF3
805,10,4,6,Ar-Cl_K2CO3_PhCF3
806,11,4,6,Ak-Cy_K2CO3_PhCF3
807,12,4,6,Ak-tBu_K2CO3_PhCF3
808,13,4,6,Ak-nBu_K2CO3_PhCF3
809,14,4,6,Ak-Me_K2CO3_PhCF3
810,15,4,6,Ak-Et_K2CO3_PhCF3
811,1,5,6,Ar-H_KOH_PhCF3
812,2,5,6,Ar-OMe_KOH_PhCF3
813,3,5,6,Ar-Me2OMe_KOH_PhCF3
814,4,5,6,Ar-Me3_KOH_PhCF3
815,5,5,6,Ar-Me2_KOH_PhCF3
816,6,5,6,Ar-F_KOH_PhCF3
817,7,5,6,Ar-CF3_KOH_PhCF3
818,8,5,6,Ar-CF32_KOH_PhCF3
819,9,5,6,Ar-F5_KOH_PhCF3
820,10,5,6,Ar-Cl_KOH_PhCF3
821,11,5,6,Ak-Cy_KOH_PhCF3
822,12,5,6,Ak-tBu_KOH_PhCF3
823,13,5,6,Ak-nBu_KOH_PhCF3
824,14,5,6,Ak-Me_KOH_PhCF3
825,15,5,6,Ak-Et_KOH_PhCF3
826,1,6,6,Ar-H_K3PO4_PhCF3
827,2,6,6,Ar-OMe_K3PO4_PhCF3
828,3,6,6,Ar-Me2OMe_K3PO4_PhCF3
829,4,6,6,Ar-Me3_K3PO4_PhCF3
830,5,6,6,Ar-Me2_K3PO4_PhCF3
831,6,6,6,Ar-F_K3PO4_PhCF3
832,7,6,6,Ar-CF3_K3PO4_PhCF3
833,8,6,6,Ar-CF32_K3PO4_PhCF3
834,9,6,6,Ar-F5_K3PO4_PhCF3
835,10,6,6,Ar-Cl_K3PO4_PhCF3
836,11,6,6,Ak-Cy_K3PO4_PhCF3
837,12,6,6,Ak-tBu_K3PO4_PhCF3
838,13,6,6,Ak-nBu_K3PO4_PhCF3
839,14,6,6,Ak-Me_K3PO4_PhCF3
840,15,6,6,Ak-Et_K3PO4_PhCF3
841,1,7,6,Ar-H_KOAc_PhCF3
842,2,7,6,Ar-OMe_KOAc_PhCF3
843,3,7,6,Ar-Me2OMe_KOAc_PhCF3
844,4,7,6,Ar-Me3_KOAc_PhCF3
845,5,7,6,Ar-Me2_KOAc_PhCF3
846,6,7,6,Ar-F_KOAc_PhCF3
847,7,7,6,Ar-CF3_KOAc_PhCF3
848,8,7,6,Ar-CF32_KOAc_PhCF3
849,9,7,6,Ar-F5_KOAc_PhCF3
850,10,7,6,Ar-Cl_KOAc_PhCF3
851,11,7,6,Ak-Cy_KOAc_PhCF3
852,12,7,6,Ak-tBu_KOAc_PhCF3
853,13,7,6,Ak-nBu_KOAc_PhCF3
854,14,7,6,Ak-Me_KOAc_PhCF3
855,15,7,6,Ak-Et_KOAc_PhCF3
856,1,8,6,Ar-H_Cs2CO3_PhCF3
857,2,8,6,Ar-OMe_Cs2CO3_PhCF3
858,3,8,6,Ar-Me2OMe_Cs2CO3_PhCF3
859,4,8,6,Ar-Me3_Cs2CO3_PhCF3
860,5,8,6,Ar-Me2_Cs2CO3_PhCF3
861,6,8,6,Ar-F_Cs2CO3_PhCF3
862,7,8,6,Ar-CF3_Cs2CO3_PhCF3
863,8,8,6,Ar-CF32_Cs2CO3_PhCF3
864,9,8,6,Ar-F5_Cs2CO3_PhCF3
865,10,8,6,Ar-Cl_Cs2CO3_PhCF3
866,11,8,6,Ak-Cy_Cs2CO3_PhCF3
867,12,8,6,Ak-tBu_Cs2CO3_PhCF3
868,13,8,6,Ak-nBu_Cs2CO3_PhCF3
869,14,8,6,Ak-Me_Cs2CO3_PhCF3
870,15,8,6,Ak-Et_Cs2CO3_PhCF3
871,1,9,6,Ar-H_CsF_PhCF3
872,2,9,6,Ar-OMe_CsF_PhCF3
873,3,9,6,Ar-Me2OMe_CsF_PhCF3
874,4,9,6,Ar-Me3_CsF_PhCF3
875,5,9,6,Ar-Me2_CsF_PhCF3
876,6,9,6,Ar-F_CsF_PhCF3
877,7,9,6,Ar-CF3_CsF_PhCF3
878,8,9,6,Ar-CF32_CsF_PhCF3
879,9,9,6,Ar-F5_CsF_PhCF3
880,10,9,6,Ar-Cl_CsF_PhCF3
881,11,9,6,Ak-Cy_CsF_PhCF3
882,12,9,6,Ak-tBu_CsF_PhCF3
883,13,9,6,Ak-nBu_CsF_PhCF3
884,14,9,6,Ak-Me_CsF_PhCF3
885,15,9,6,Ak-Et_CsF_PhCF3
886,1,10,6,Ar-H_NEt4OH_PhCF3
887,2,10,6,Ar-OMe_NEt4OH_PhCF3
888,3,10,6,Ar-Me2OMe_NEt4OH_PhCF3
889,4,10,6,Ar-Me3_NEt4OH_PhCF3
890,5,10,6,Ar-Me2_NEt4OH_PhCF3
891,6,10,6,Ar-F_NEt4OH_PhCF3
892,7,10,6,Ar-CF3_NEt4OH_PhCF3
893,8,10,6,Ar-CF32_NEt4OH_PhCF3
894,9,10,6,Ar-F5_NEt4OH_PhCF3
895,10,10,6,Ar-Cl_NEt4OH_PhCF3
896,11,10,6,Ak-Cy_NEt4OH_PhCF3
897,12,10,6,Ak-tBu_NEt4OH_PhCF3
898,13,10,6,Ak-nBu_NEt4OH_PhCF3
899,14,10,6,Ak-Me_NEt4OH_PhCF3
900,15,10,6,Ak-Et_NEt4OH_PhCF3
901,1,1,7,Ar-H_Na2CO3_BuOAc
902,2,1,7,Ar-OMe_Na2CO3_BuOAc
903,3,1,7,Ar-Me2OMe_Na2CO3_BuOAc
904,4,1,7,Ar-Me3_Na2CO3_BuOAc
905,5,1,7,Ar-Me2_Na2CO3_BuOAc
906,6,1,7,Ar-F_Na2CO3_BuOAc
907,7,1,7,Ar-CF3_Na2CO3_BuOAc
908,8,1,7,Ar-CF32_Na2CO3_BuOAc
909,9,1,7,Ar-F5_Na2CO3_BuOAc
910,10,1,7,Ar-Cl_Na2CO3_BuOAc
911,11,1,7,Ak-Cy_Na2CO3_BuOAc
912,12,1,7,Ak-tBu_Na2CO3_BuOAc
913,13,1,7,Ak-nBu_Na2CO3_BuOAc
914,14,1,7,Ak-Me_Na2CO3_BuOAc
915,15,1,7,Ak-Et_Na2CO3_BuOAc
916,1,2,7,Ar-H_NaHCO3_BuOAc
917,2,2,7,Ar-OMe_NaHCO3_BuOAc
918,3,2,7,Ar-Me2OMe_NaHCO3_BuOAc
919,4,2,7,Ar-Me3_NaHCO3_BuOAc
920,5,2,7,Ar-Me2_NaHCO3_BuOAc
921,6,2,7,Ar-F_NaHCO3_BuOAc
922,7,2,7,Ar-CF3_NaHCO3_BuOAc
923,8,2,7,Ar-CF32_NaHCO3_BuOAc
924,9,2,7,Ar-F5_NaHCO3_BuOAc
925,10,2,7,Ar-Cl_NaHCO3_BuOAc
926,11,2,7,Ak-Cy_NaHCO3_BuOAc
927,12,2,7,Ak-tBu_NaHCO3_BuOAc
928,13,2,7,Ak-nBu_NaHCO3_BuOAc
929,14,2,7,Ak-Me_NaHCO3_BuOAc
930,15,2,7,Ak-Et_NaHCO3_BuOAc
931,1,3,7,Ar-H_NaOH_BuOAc
932,2,3,7,Ar-OMe_NaOH_BuOAc
933,3,3,7,Ar-Me2OMe_NaOH_BuOAc
934,4,3,7,Ar-Me3_NaOH_BuOAc
935,5,3,7,Ar-Me2_NaOH_BuOAc
936,6,3,7,Ar-F_NaOH_BuOAc
937,7,3,7,Ar-CF3_NaOH_BuOAc
938,8,3,7,Ar-CF32_NaOH_BuOAc
939,9,3,7,Ar-F5_NaOH_BuOAc
940,10,3,7,Ar-Cl_NaOH_BuOAc
941,11,3,7,Ak-Cy_NaOH_BuOAc
942,12,3,7,Ak-tBu_NaOH_BuOAc
943,13,3,7,Ak-nBu_NaOH_BuOAc
944,14,3,7,Ak-Me_NaOH_BuOAc
945,15,3,7,Ak-Et_NaOH_BuOAc
946,1,4,7,Ar-H_K2CO3_BuOAc
947,2,4,7,Ar-OMe_K2CO3_BuOAc
948,3,4,7,Ar-Me2OMe_K2CO3_BuOAc
949,4,4,7,Ar-Me3_K2CO3_BuOAc
950,5,4,7,Ar-Me2_K2CO3_BuOAc
951,6,4,7,Ar-F_K2CO3_BuOAc
952,7,4,7,Ar-CF3_K2CO3_BuOAc
953,8,4,7,Ar-CF32_K2CO3_BuOAc
954,9,4,7,Ar-F5_K2CO3_BuOAc
955,10,4,7,Ar-Cl_K2CO3_BuOAc
956,11,4,7,Ak-Cy_K2CO3_BuOAc
957,12,4,7,Ak-tBu_K2CO3_BuOAc
958,13,4,7,Ak-nBu_K2CO3_BuOAc
959,14,4,7,Ak-Me_K2CO3_BuOAc
960,15,4,7,Ak-Et_K2CO3_BuOAc
961,1,5,7,Ar-H_KOH_BuOAc
962,2,5,7,Ar-OMe_KOH_BuOAc
963,3,5,7,Ar-Me2OMe_KOH_BuOAc
964,4,5,7,Ar-Me3_KOH_BuOAc
965,5,5,7,Ar-Me2_KOH_BuOAc
966,6,5,7,Ar-F_KOH_BuOAc
967,7,5,7,Ar-CF3_KOH_BuOAc
968,8,5,7,Ar-CF32_KOH_BuOAc
969,9,5,7,Ar-F5_KOH_BuOAc
970,10,5,7,Ar-Cl_KOH_BuOAc
971,11,5,7,Ak-Cy_KOH_BuOAc
972,12,5,7,Ak-tBu_KOH_BuOAc
973,13,5,7,Ak-nBu_KOH_BuOAc
974,14,5,7,Ak-Me_KOH_BuOAc
975,15,5,7,Ak-Et_KOH_BuOAc
976,1,6,7,Ar-H_K3PO4_BuOAc
977,2,6,7,Ar-OMe_K3PO4_BuOAc
978,3,6,7,Ar-Me2OMe_K3PO4_BuOAc
979,4,6,7,Ar-Me3_K3PO4_BuOAc
980,5,6,7,Ar-Me2_K3PO4_BuOAc
981,6,6,7,Ar-F_K3PO4_BuOAc
982,7,6,7,Ar-CF3_K3PO4_BuOAc
983,8,6,7,Ar-CF32_K3PO4_BuOAc
984,9,6,7,Ar-F5_K3PO4_BuOAc
985,10,6,7,Ar-Cl_K3PO4_BuOAc
986,11,6,7,Ak-Cy_K3PO4_BuOAc
987,12,6,7,Ak-tBu_K3PO4_BuOAc
988,13,6,7,Ak-nBu_K3PO4_BuOAc
989,14,6,7,Ak-Me_K3PO4_BuOAc
990,15,6,7,Ak-Et_K3PO4_BuOAc
991,1,7,7,Ar-H_KOAc_BuOAc
992,2,7,7,Ar-OMe_KOAc_BuOAc
993,3,7,7,Ar-Me2OMe_KOAc_BuOAc
994,4,7,7,Ar-Me3_KOAc_BuOAc
995,5,7,7,Ar-Me2_KOAc_BuOAc
996,6,7,7,Ar-F_KOAc_BuOAc
997,7,7,7,Ar-CF3_KOAc_BuOAc
998,8,7,7,Ar-CF32_KOAc_BuOAc
999,9,7,7,Ar-F5_KOAc_BuOAc
1000,10,7,7,Ar-Cl_KOAc_BuOAc
1001,11,7,7,Ak-Cy_KOAc_BuOAc
1002,12,7,7,Ak-tBu_KOAc_BuOAc
1003,13,7,7,Ak-nBu_KOAc_BuOAc
1004,14,7,7,Ak-Me_KOAc_BuOAc
1005,15,7,7,Ak-Et_KOAc_BuOAc
1006,1,8,7,Ar-H_Cs2CO3_BuOAc
1007,2,8,7,Ar-OMe_Cs2CO3_BuOAc
1008,3,8,7,Ar-Me2OMe_Cs2CO3_BuOAc
1009,4,8,7,Ar-Me3_Cs2CO3_BuOAc
1010,5,8,7,Ar-Me2_Cs2CO3_BuOAc
1011,6,8,7,Ar-F_Cs2CO3_BuOAc
1012,7,8,7,Ar-CF3_Cs2CO3_BuOAc
1013,8,8,7,Ar-CF32_Cs2CO3_BuOAc
1014,9,8,7,Ar-F5_Cs2CO3_BuOAc
1015,10,8,7,Ar-Cl_Cs2CO3_BuOAc
1016,11,8,7,Ak-Cy_Cs2CO3_BuOAc
1017,12,8,7,Ak-tBu_Cs2CO3_BuOAc
1018,13,8,7,Ak-nBu_Cs2CO3_BuOAc
1019,14,8,7,Ak-Me_Cs2CO3_BuOAc
1020,15,8,7,Ak-Et_Cs2CO3_BuOAc
1021,1,9,7,Ar-H_CsF_BuOAc
1022,2,9,7,Ar-OMe_CsF_BuOAc
1023,3,9,7,Ar-Me2OMe_CsF_BuOAc
1024,4,9,7,Ar-Me3_CsF_BuOAc
1025,5,9,7,Ar-Me2_CsF_BuOAc
1026,6,9,7,Ar-F_CsF_BuOAc
1027,7,9,7,Ar-CF3_CsF_BuOAc
1028,8,9,7,Ar-CF32_CsF_BuOAc
1029,9,9,7,Ar-F5_CsF_BuOAc
1030,10,9,7,Ar-Cl_CsF_BuOAc
1031,11,9,7,Ak-Cy_CsF_BuOAc
1032,12,9,7,Ak-tBu_CsF_BuOAc
1033,13,9,7,Ak-nBu_CsF_BuOAc
1034,14,9,7,Ak-Me_CsF_BuOAc
1035,15,9,7,Ak-Et_CsF_BuOAc
1036,1,10,7,Ar-H_NEt4OH_BuOAc
1037,2,10,7,Ar-OMe_NEt4OH_BuOAc
1038,3,10,7,Ar-Me2OMe_NEt4OH_BuOAc
1039,4,10,7,Ar-Me3_NEt4OH_BuOAc
1040,5,10,7,Ar-Me2_NEt4OH_BuOAc
1041,6,10,7,Ar-F_NEt4OH_BuOAc
1042,7,10,7,Ar-CF3_NEt4OH_BuOAc
1043,8,10,7,Ar-CF32_NEt4OH_BuOAc
1044,9,10,7,Ar-F5_NEt4OH_BuOAc
1045,10,10,7,Ar-Cl_NEt4OH_BuOAc
1046,11,10,7,Ak-Cy_NEt4OH_BuOAc
1047,12,10,7,Ak-tBu_NEt4OH_BuOAc
1048,13,10,7,Ak-nBu_NEt4OH_BuOAc
1049,14,10,7,Ak-Me_NEt4OH_BuOAc
1050,15,10,7,Ak-Et_NEt4OH_BuOAc
1051,1,1,8,Ar-H_Na2CO3_toluene
1052,2,1,8,Ar-OMe_Na2CO3_toluene
1053,3,1,8,Ar-Me2OMe_Na2CO3_toluene
1054,4,1,8,Ar-Me3_Na2CO3_toluene
1055,5,1,8,Ar-Me2_Na2CO3_toluene
1056,6,1,8,Ar-F_Na2CO3_toluene
1057,7,1,8,Ar-CF3_Na2CO3_toluene
1058,8,1,8,Ar-CF32_Na2CO3_toluene
1059,9,1,8,Ar-F5_Na2CO3_toluene
1060,10,1,8,Ar-Cl_Na2CO3_toluene
1061,11,1,8,Ak-Cy_Na2CO3_toluene
1062,12,1,8,Ak-tBu_Na2CO3_toluene
1063,13,1,8,Ak-nBu_Na2CO3_toluene
1064,14,1,8,Ak-Me_Na2CO3_toluene
1065,15,1,8,Ak-Et_Na2CO3_toluene
1066,1,2,8,Ar-H_NaHCO3_toluene
1067,2,2,8,Ar-OMe_NaHCO3_toluene
1068,3,2,8,Ar-Me2OMe_NaHCO3_toluene
1069,4,2,8,Ar-Me3_NaHCO3_toluene
1070,5,2,8,Ar-Me2_NaHCO3_toluene
1071,6,2,8,Ar-F_NaHCO3_toluene
1072,7,2,8,Ar-CF3_NaHCO3_toluene
1073,8,2,8,Ar-CF32_NaHCO3_toluene
1074,9,2,8,Ar-F5_NaHCO3_toluene
1075,10,2,8,Ar-Cl_NaHCO3_toluene
1076,11,2,8,Ak-Cy_NaHCO3_toluene
1077,12,2,8,Ak-tBu_NaHCO3_toluene
1078,13,2,8,Ak-nBu_NaHCO3_toluene
1079,14,2,8,Ak-Me_NaHCO3_toluene
1080,15,2,8,Ak-Et_NaHCO3_toluene
1081,1,3,8,Ar-H_NaOH_toluene
1082,2,3,8,Ar-OMe_NaOH_toluene
1083,3,3,8,Ar-Me2OMe_NaOH_toluene
1084,4,3,8,Ar-Me3_NaOH_toluene
1085,5,3,8,Ar-Me2_NaOH_toluene
1086,6,3,8,Ar-F_NaOH_toluene
1087,7,3,8,Ar-CF3_NaOH_toluene
1088,8,3,8,Ar-CF32_NaOH_toluene
1089,9,3,8,Ar-F5_NaOH_toluene
1090,10,3,8,Ar-Cl_NaOH_toluene
1091,11,3,8,Ak-Cy_NaOH_toluene
1092,12,3,8,Ak-tBu_NaOH_toluene
1093,13,3,8,Ak-nBu_NaOH_toluene
1094,14,3,8,Ak-Me_NaOH_toluene
1095,15,3,8,Ak-Et_NaOH_toluene
1096,1,4,8,Ar-H_K2CO3_toluene
1097,2,4,8,Ar-OMe_K2CO3_toluene
1098,3,4,8,Ar-Me2OMe_K2CO3_toluene
1099,4,4,8,Ar-Me3_K2CO3_toluene
1100,5,4,8,Ar-Me2_K2CO3_toluene
1101,6,4,8,Ar-F_K2CO3_toluene
1102,7,4,8,Ar-CF3_K2CO3_toluene
1103,8,4,8,Ar-CF32_K2CO3_toluene
1104,9,4,8,Ar-F5_K2CO3_toluene
1105,10,4,8,Ar-Cl_K2CO3_toluene
1106,11,4,8,Ak-Cy_K2CO3_toluene
1107,12,4,8,Ak-tBu_K2CO3_toluene
1108,13,4,8,Ak-nBu_K2CO3_toluene
1109,14,4,8,Ak-Me_K2CO3_toluene
1110,15,4,8,Ak-Et_K2CO3_toluene
1111,1,5,8,Ar-H_KOH_toluene
1112,2,5,8,Ar-OMe_KOH_toluene
1113,3,5,8,Ar-Me2OMe_KOH_toluene
1114,4,5,8,Ar-Me3_KOH_toluene
1115,5,5,8,Ar-Me2_KOH_toluene
1116,6,5,8,Ar-F_KOH_toluene
1117,7,5,8,Ar-CF3_KOH_toluene
1118,8,5,8,Ar-CF32_KOH_toluene
1119,9,5,8,Ar-F5_KOH_toluene
1120,10,5,8,Ar-Cl_KOH_toluene
1121,11,5,8,Ak-Cy_KOH_toluene
1122,12,5,8,Ak-tBu_KOH_toluene
1123,13,5,8,Ak-nBu_KOH_toluene
1124,14,5,8,Ak-Me_KOH_toluene
1125,15,5,8,Ak-Et_KOH_toluene
1126,1,6,8,Ar-H_K3PO4_toluene
1127,2,6,8,Ar-OMe_K3PO4_toluene
1128,3,6,8,Ar-Me2OMe_K3PO4_toluene
1129,4,6,8,Ar-Me3_K3PO4_toluene
1130,5,6,8,Ar-Me2_K3PO4_toluene
1131,6,6,8,Ar-F_K3PO4_toluene
1132,7,6,8,Ar-CF3_K3PO4_toluene
1133,8,6,8,Ar-CF32_K3PO4_toluene
1134,9,6,8,Ar-F5_K3PO4_toluene
1135,10,6,8,Ar-Cl_K3PO4_toluene
1136,11,6,8,Ak-Cy_K3PO4_toluene
1137,12,6,8,Ak-tBu_K3PO4_toluene
1138,13,6,8,Ak-nBu_K3PO4_toluene
1139,14,6,8,Ak-Me_K3PO4_toluene
1140,15,6,8,Ak-Et_K3PO4_toluene
1141,1,7,8,Ar-H_KOAc_toluene
1142,2,7,8,Ar-OMe_KOAc_toluene
1143,3,7,8,Ar-Me2OMe_KOAc_toluene
1144,4,7,8,Ar-Me3_KOAc_toluene
1145,5,7,8,Ar-Me2_KOAc_toluene
1146,6,7,8,Ar-F_KOAc_toluene
1147,7,7,8,Ar-CF3_KOAc_toluene
1148,8,7,8,Ar-CF32_KOAc_toluene
1149,9,7,8,Ar-F5_KOAc_toluene
1150,10,7,8,Ar-Cl_KOAc_toluene
1151,11,7,8,Ak-Cy_KOAc_toluene
1152,12,7,8,Ak-tBu_KOAc_toluene
1153,13,7,8,Ak-nBu_KOAc_toluene
1154,14,7,8,Ak-Me_KOAc_toluene
1155,15,7,8,Ak-Et_KOAc_toluene
1156,1,8,8,Ar-H_Cs2CO3_toluene
1157,2,8,8,Ar-OMe_Cs2CO3_toluene
1158,3,8,8,Ar-Me2OMe_Cs2CO3_toluene
1159,4,8,8,Ar-Me3_Cs2CO3_toluene
1160,5,8,8,Ar-Me2_Cs2CO3_toluene
1161,6,8,8,Ar-F_Cs2CO3_toluene
1162,7,8,8,Ar-CF3_Cs2CO3_toluene
1163,8,8,8,Ar-CF32_Cs2CO3_toluene
1164,9,8,8,Ar-F5_Cs2CO3_toluene
1165,10,8,8,Ar-Cl_Cs2CO3_toluene
1166,11,8,8,Ak-Cy_Cs2CO3_toluene
1167,12,8,8,Ak-tBu_Cs2CO3_toluene
1168,13,8,8,Ak-nBu_Cs2CO3_toluene
1169,14,8,8,Ak-Me_Cs2CO3_toluene
1170,15,8,8,Ak-Et_Cs2CO3_toluene
1171,1,9,8,Ar-H_CsF_toluene
1172,2,9,8,Ar-OMe_CsF_toluene
1173,3,9,8,Ar-Me2OMe_CsF_toluene
1174,4,9,8,Ar-Me3_CsF_toluene
1175,5,9,8,Ar-Me2_CsF_toluene
1176,6,9,8,Ar-F_CsF_toluene
1177,7,9,8,Ar-CF3_CsF_toluene
1178,8,9,8,Ar-CF32_CsF_toluene
1179,9,9,8,Ar-F5_CsF_toluene
1180,10,9,8,Ar-Cl_CsF_toluene
1181,11,9,8,Ak-Cy_CsF_toluene
1182,12,9,8,Ak-tBu_CsF_toluene
1183,13,9,8,Ak-nBu_CsF_toluene
1184,14,9,8,Ak-Me_CsF_toluene
1185,15,9,8,Ak-Et_CsF_toluene
1186,1,10,8,Ar-H_NEt4OH_toluene
1187,2,10,8,Ar-OMe_NEt4OH_toluene
1188,3,10,8,Ar-Me2OMe_NEt4OH_toluene
1189,4,10,8,Ar-Me3_NEt4OH_toluene
1190,5,10,8,Ar-Me2_NEt4OH_toluene
1191,6,10,8,Ar-F_NEt4OH_toluene
1192,7,10,8,Ar-CF3_NEt4OH_toluene
1193,8,10,8,Ar-CF32_NEt4OH_toluene
1194,9,10,8,Ar-F5_NEt4OH_toluene
1195,10,10,8,Ar-Cl_NEt4OH_toluene
1196,11,10,8,Ak-Cy_NEt4OH_toluene
1197,12,10,8,Ak-tBu_NEt4OH_toluene
1198,13,10,8,Ak-nBu_NEt4OH_toluene
1199,14,10,8,Ak-Me_NEt4OH_toluene
1200,15,10,8,Ak-Et_NEt4OH_toluene
1201,1,1,9,Ar-H_Na2CO3_dioxane
1202,2,1,9,Ar-OMe_Na2CO3_dioxane
1203,3,1,9,Ar-Me2OMe_Na2CO3_dioxane
1204,4,1,9,Ar-Me3_Na2CO3_dioxane
1205,5,1,9,Ar-Me2_Na2CO3_dioxane
1206,6,1,9,Ar-F_Na2CO3_dioxane
1207,7,1,9,Ar-CF3_Na2CO3_dioxane
1208,8,1,9,Ar-CF32_Na2CO3_dioxane
1209,9,1,9,Ar-F5_Na2CO3_dioxane
1210,10,1,9,Ar-Cl_Na2CO3_dioxane
1211,11,1,9,Ak-Cy_Na2CO3_dioxane
1212,12,1,9,Ak-tBu_Na2CO3_dioxane
1213,13,1,9,Ak-nBu_Na2CO3_dioxane
1214,14,1,9,Ak-Me_Na2CO3_dioxane
1215,15,1,9,Ak-Et_Na2CO3_dioxane
1216,1,2,9,Ar-H_NaHCO3_dioxane
1217,2,2,9,Ar-OMe_NaHCO3_dioxane
1218,3,2,9,Ar-Me2OMe_NaHCO3_dioxane
1219,4,2,9,Ar-Me3_NaHCO3_dioxane
1220,5,2,9,Ar-Me2_NaHCO3_dioxane
1221,6,2,9,Ar-F_NaHCO3_dioxane
1222,7,2,9,Ar-CF3_NaHCO3_dioxane
1223,8,2,9,Ar-CF32_NaHCO3_dioxane
1224,9,2,9,Ar-F5_NaHCO3_dioxane
1225,10,2,9,Ar-Cl_NaHCO3_dioxane
1226,11,2,9,Ak-Cy_NaHCO3_dioxane
1227,12,2,9,Ak-tBu_NaHCO3_dioxane
1228,13,2,9,Ak-nBu_NaHCO3_dioxane
1229,14,2,9,Ak-Me_NaHCO3_dioxane
1230,15,2,9,Ak-Et_NaHCO3_dioxane
1231,1,3,9,Ar-H_NaOH_dioxane
1232,2,3,9,Ar-OMe_NaOH_dioxane
1233,3,3,9,Ar-Me2OMe_NaOH_dioxane
1234,4,3,9,Ar-Me3_NaOH_dioxane
1235,5,3,9,Ar-Me2_NaOH_dioxane
1236,6,3,9,Ar-F_NaOH_dioxane
1237,7,3,9,Ar-CF3_NaOH_dioxane
1238,8,3,9,Ar-CF32_NaOH_dioxane
1239,9,3,9,Ar-F5_NaOH_dioxane
1240,10,3,9,Ar-Cl_NaOH_dioxane
1241,11,3,9,Ak-Cy_NaOH_dioxane
1242,12,3,9,Ak-tBu_NaOH_dioxane
1243,13,3,9,Ak-nBu_NaOH_dioxane
1244,14,3,9,Ak-Me_NaOH_dioxane
1245,15,3,9,Ak-Et_NaOH_dioxane
1246,1,4,9,Ar-H_K2CO3_dioxane
1247,2,4,9,Ar-OMe_K2CO3_dioxane
1248,3,4,9,Ar-Me2OMe_K2CO3_dioxane
1249,4,4,9,Ar-Me3_K2CO3_dioxane
1250,5,4,9,Ar-Me2_K2CO3_dioxane
1251,6,4,9,Ar-F_K2CO3_dioxane
1252,7,4,9,Ar-CF3_K2CO3_dioxane
1253,8,4,9,Ar-CF32_K2CO3_dioxane
1254,9,4,9,Ar-F5_K2CO3_dioxane
1255,10,4,9,Ar-Cl_K2CO3_dioxane
1256,11,4,9,Ak-Cy_K2CO3_dioxane
1257,12,4,9,Ak-tBu_K2CO3_dioxane
1258,13,4,9,Ak-nBu_K2CO3_dioxane
1259,14,4,9,Ak-Me_K2CO3_dioxane
1260,15,4,9,Ak-Et_K2CO3_dioxane
1261,1,5,9,Ar-H_KOH_dioxane
1262,2,5,9,Ar-OMe_KOH_dioxane
1263,3,5,9,Ar-Me2OMe_KOH_dioxane
1264,4,5,9,Ar-Me3_KOH_dioxane
1265,5,5,9,Ar-Me2_KOH_dioxane
1266,6,5,9,Ar-F_KOH_dioxane
1267,7,5,9,Ar-CF3_KOH_dioxane
1268,8,5,9,Ar-CF32_KOH_dioxane
1269,9,5,9,Ar-F5_KOH_dioxane
1270,10,5,9,Ar-Cl_KOH_dioxane
1271,11,5,9,Ak-Cy_KOH_dioxane
1272,12,5,9,Ak-tBu_KOH_dioxane
1273,13,5,9,Ak-nBu_KOH_dioxane
1274,14,5,9,Ak-Me_KOH_dioxane
1275,15,5,9,Ak-Et_KOH_dioxane
1276,1,6,9,Ar-H_K3PO4_dioxane
1277,2,6,9,Ar-OMe_K3PO4_dioxane
1278,3,6,9,Ar-Me2OMe_K3PO4_dioxane
1279,4,6,9,Ar-Me3_K3PO4_dioxane
1280,5,6,9,Ar-Me2_K3PO4_dioxane
1281,6,6,9,Ar-F_K3PO4_dioxane
1282,7,6,9,Ar-CF3_K3PO4_dioxane
1283,8,6,9,Ar-CF32_K3PO4_dioxane
1284,9,6,9,Ar-F5_K3PO4_dioxane
1285,10,6,9,Ar-Cl_K3PO4_dioxane
1286,11,6,9,Ak-Cy_K3PO4_dioxane
1287,12,6,9,Ak-tBu_K3PO4_dioxane
1288,13,6,9,Ak-nBu_K3PO4_dioxane
1289,14,6,9,Ak-Me_K3PO4_dioxane
1290,15,6,9,Ak-Et_K3PO4_dioxane
1291,1,7,9,Ar-H_KOAc_dioxane
1292,2,7,9,Ar-OMe_KOAc_dioxane
1293,3,7,9,Ar-Me2OMe_KOAc_dioxane
1294,4,7,9,Ar-Me3_KOAc_dioxane
1295,5,7,9,Ar-Me2_KOAc_dioxane
1296,6,7,9,Ar-F_KOAc_dioxane
1297,7,7,9,Ar-CF3_KOAc_dioxane
1298,8,7,9,Ar-CF32_KOAc_dioxane
1299,9,7,9,Ar-F5_KOAc_dioxane
1300,10,7,9,Ar-Cl_KOAc_dioxane
1301,11,7,9,Ak-Cy_KOAc_dioxane
1302,12,7,9,Ak-tBu_KOAc_dioxane
1303,13,7,9,Ak-nBu_KOAc_dioxane
1304,14,7,9,Ak-Me_KOAc_dioxane
1305,15,7,9,Ak-Et_KOAc_dioxane
1306,1,8,9,Ar-H_Cs2CO3_dioxane
1307,2,8,9,Ar-OMe_Cs2CO3_dioxane
1308,3,8,9,Ar-Me2OMe_Cs2CO3_dioxane
1309,4,8,9,Ar-Me3_Cs2CO3_dioxane
1310,5,8,9,Ar-Me2_Cs2CO3_dioxane
1311,6,8,9,Ar-F_Cs2CO3_dioxane
1312,7,8,9,Ar-CF3_Cs2CO3_dioxane
1313,8,8,9,Ar-CF32_Cs2CO3_dioxane
1314,9,8,9,Ar-F5_Cs2CO3_dioxane
1315,10,8,9,Ar-Cl_Cs2CO3_dioxane
1316,11,8,9,Ak-Cy_Cs2CO3_dioxane
1317,12,8,9,Ak-tBu_Cs2CO3_dioxane
1318,13,8,9,Ak-nBu_Cs2CO3_dioxane
1319,14,8,9,Ak-Me_Cs2CO3_dioxane
1320,15,8,9,Ak-Et_Cs2CO3_dioxane
1321,1,9,9,Ar-H_CsF_dioxane
1322,2,9,9,Ar-OMe_CsF_dioxane
1323,3,9,9,Ar-Me2OMe_CsF_dioxane
1324,4,9,9,Ar-Me3_CsF_dioxane
1325,5,9,9,Ar-Me2_CsF_dioxane
1326,6,9,9,Ar-F_CsF_dioxane
1327,7,9,9,Ar-CF3_CsF_dioxane
1328,8,9,9,Ar-CF32_CsF_dioxane
1329,9,9,9,Ar-F5_CsF_dioxane
1330,10,9,9,Ar-Cl_CsF_dioxane
1331,11,9,9,Ak-Cy_CsF_dioxane
1332,12,9,9,Ak-tBu_CsF_dioxane
1333,13,9,9,Ak-nBu_CsF_dioxane
1334,14,9,9,Ak-Me_CsF_dioxane
1335,15,9,9,Ak-Et_CsF_dioxane
1336,1,10,9,Ar-H_NEt4OH_dioxane
1337,2,10,9,Ar-OMe_NEt4OH_dioxane
1338,3,10,9,Ar-Me2OMe_NEt4OH_dioxane
1339,4,10,9,Ar-Me3_NEt4OH_dioxane
1340,5,10,9,Ar-Me2_NEt4OH_dioxane
1341,6,10,9,Ar-F_NEt4OH_dioxane
1342,7,10,9,Ar-CF3_NEt4OH_dioxane
1343,8,10,9,Ar-CF32_NEt4OH_dioxane
1344,9,10,9,Ar-F5_NEt4OH_dioxane
1345,10,10,9,Ar-Cl_NEt4OH_dioxane
1346,11,10,9,Ak-Cy_NEt4OH_dioxane
1347,12,10,9,Ak-tBu_NEt4OH_dioxane
1348,13,10,9,Ak-nBu_NEt4OH_dioxane
1349,14,10,9,Ak-Me_NEt4OH_dioxane
1350,15,10,9,Ak-Et_NEt4OH_dioxane
1351,1,1,10,Ar-H_Na2CO3_octane
1352,2,1,10,Ar-OMe_Na2CO3_octane
1353,3,1,10,Ar-Me2OMe_Na2CO3_octane
1354,4,1,10,Ar-Me3_Na2CO3_octane
1355,5,1,10,Ar-Me2_Na2CO3_octane
1356,6,1,10,Ar-F_Na2CO3_octane
1357,7,1,10,Ar-CF3_Na2CO3_octane
1358,8,1,10,Ar-CF32_Na2CO3_octane
1359,9,1,10,Ar-F5_Na2CO3_octane
1360,10,1,10,Ar-Cl_Na2CO3_octane
1361,11,1,10,Ak-Cy_Na2CO3_octane
1362,12,1,10,Ak-tBu_Na2CO3_octane
1363,13,1,10,Ak-nBu_Na2CO3_octane
1364,14,1,10,Ak-Me_Na2CO3_octane
1365,15,1,10,Ak-Et_Na2CO3_octane
1366,1,2,10,Ar-H_NaHCO3_octane
1367,2,2,10,Ar-OMe_NaHCO3_octane
1368,3,2,10,Ar-Me2OMe_NaHCO3_octane
1369,4,2,10,Ar-Me3_NaHCO3_octane
1370,5,2,10,Ar-Me2_NaHCO3_octane
1371,6,2,10,Ar-F_NaHCO3_octane
1372,7,2,10,Ar-CF3_NaHCO3_octane
1373,8,2,10,Ar-CF32_NaHCO3_octane
1374,9,2,10,Ar-F5_NaHCO3_octane
1375,10,2,10,Ar-Cl_NaHCO3_octane
1376,11,2,10,Ak-Cy_NaHCO3_octane
1377,12,2,10,Ak-tBu_NaHCO3_octane
1378,13,2,10,Ak-nBu_NaHCO3_octane
1379,14,2,10,Ak-Me_NaHCO3_octane
1380,15,2,10,Ak-Et_NaHCO3_octane
1381,1,3,10,Ar-H_NaOH_octane
1382,2,3,10,Ar-OMe_NaOH_octane
1383,3,3,10,Ar-Me2OMe_NaOH_octane
1384,4,3,10,Ar-Me3_NaOH_octane
1385,5,3,10,Ar-Me2_NaOH_octane
1386,6,3,10,Ar-F_NaOH_octane
1387,7,3,10,Ar-CF3_NaOH_octane
1388,8,3,10,Ar-CF32_NaOH_octane
1389,9,3,10,Ar-F5_NaOH_octane
1390,10,3,10,Ar-Cl_NaOH_octane
1391,11,3,10,Ak-Cy_NaOH_octane
1392,12,3,10,Ak-tBu_NaOH_octane
1393,13,3,10,Ak-nBu_NaOH_octane
1394,14,3,10,Ak-Me_NaOH_octane
1395,15,3,10,Ak-Et_NaOH_octane
1396,1,4,10,Ar-H_K2CO3_octane
1397,2,4,10,Ar-OMe_K2CO3_octane
1398,3,4,10,Ar-Me2OMe_K2CO3_octane
1399,4,4,10,Ar-Me3_K2CO3_octane
1400,5,4,10,Ar-Me2_K2CO3_octane
1401,6,4,10,Ar-F_K2CO3_octane
1402,7,4,10,Ar-CF3_K2CO3_octane
1403,8,4,10,Ar-CF32_K2CO3_octane
1404,9,4,10,Ar-F5_K2CO3_octane
1405,10,4,10,Ar-Cl_K2CO3_octane
1406,11,4,10,Ak-Cy_K2CO3_octane
1407,12,4,10,Ak-tBu_K2CO3_octane
1408,13,4,10,Ak-nBu_K2CO3_octane
1409,14,4,10,Ak-Me_K2CO3_octane
1410,15,4,10,Ak-Et_K2CO3_octane
1411,1,5,10,Ar-H_KOH_octane
1412,2,5,10,Ar-OMe_KOH_octane
1413,3,5,10,Ar-Me2OMe_KOH_octane
1414,4,5,10,Ar-Me3_KOH_octane
1415,5,5,10,Ar-Me2_KOH_octane
1416,6,5,10,Ar-F_KOH_octane
1417,7,5,10,Ar-CF3_KOH_octane
1418,8,5,10,Ar-CF32_KOH_octane
1419,9,5,10,Ar-F5_KOH_octane
1420,10,5,10,Ar-Cl_KOH_octane
1421,11,5,10,Ak-Cy_KOH_octane
1422,12,5,10,Ak-tBu_KOH_octane
1423,13,5,10,Ak-nBu_KOH_octane
1424,14,5,10,Ak-Me_KOH_octane
1425,15,5,10,Ak-Et_KOH_octane
1426,1,6,10,Ar-H_K3PO4_octane
1427,2,6,10,Ar-OMe_K3PO4_octane
1428,3,6,10,Ar-Me2OMe_K3PO4_octane
1429,4,6,10,Ar-Me3_K3PO4_octane
1430,5,6,10,Ar-Me2_K3PO4_octane
1431,6,6,10,Ar-F_K3PO4_octane
1432,7,6,10,Ar-CF3_K3PO4_octane
1433,8,6,10,Ar-CF32_K3PO4_octane
1434,9,6,10,Ar-F5_K3PO4_octane
1435,10,6,10,Ar-Cl_K3PO4_octane
1436,11,6,10,Ak-Cy_K3PO4_octane
1437,12,6,10,Ak-tBu_K3PO4_octane
1438,13,6,10,Ak-nBu_K3PO4_octane
1439,14,6,10,Ak-Me_K3PO4_octane
1440,15,6,10,Ak-Et_K3PO4_octane
1441,1,7,10,Ar-H_KOAc_octane
1442,2,7,10,Ar-OMe_KOAc_octane
1443,3,7,10,Ar-Me2OMe_KOAc_octane
1444,4,7,10,Ar-Me3_KOAc_octane
1445,5,7,10,Ar-Me2_KOAc_octane
1446,6,7,10,Ar-F_KOAc_octane
1447,7,7,10,Ar-CF3_KOAc_octane
1448,8,7,10,Ar-CF32_KOAc_octane
1449,9,7,10,Ar-F5_KOAc_octane
1450,10,7,10,Ar-Cl_KOAc_octane
1451,11,7,10,Ak-Cy_KOAc_octane
1452,12,7,10,Ak-tBu_KOAc_octane
1453,13,7,10,Ak-nBu_KOAc_octane
1454,14,7,10,Ak-Me_KOAc_octane
1455,15,7,10,Ak-Et_KOAc_octane
1456,1,8,10,Ar-H_Cs2CO3_octane
1457,2,8,10,Ar-OMe_Cs2CO3_octane
1458,3,8,10,Ar-Me2OMe_Cs2CO3_octane
1459,4,8,10,Ar-Me3_Cs2CO3_octane
1460,5,8,10,Ar-Me2_Cs2CO3_octane
1461,6,8,10,Ar-F_Cs2CO3_octane
1462,7,8,10,Ar-CF3_Cs2CO3_octane
1463,8,8,10,Ar-CF32_Cs2CO3_octane
1464,9,8,10,Ar-F5_Cs2CO3_octane
1465,10,8,10,Ar-Cl_Cs2CO3_octane
1466,11,8,10,Ak-Cy_Cs2CO3_octane
1467,12,8,10,Ak-tBu_Cs2CO3_octane
1468,13,8,10,Ak-nBu_Cs2CO3_octane
1469,14,8,10,Ak-Me_Cs2CO3_octane
1470,15,8,10,Ak-Et_Cs2CO3_octane
1471,1,9,10,Ar-H_CsF_octane
1472,2,9,10,Ar-OMe_CsF_octane
1473,3,9,10,Ar-Me2OMe_CsF_octane
1474,4,9,10,Ar-Me3_CsF_octane
1475,5,9,10,Ar-Me2_CsF_octane
1476,6,9,10,Ar-F_CsF_octane
1477,7,9,10,Ar-CF3_CsF_octane
1478,8,9,10,Ar-CF32_CsF_octane
1479,9,9,10,Ar-F5_CsF_octane
1480,10,9,10,Ar-Cl_CsF_octane
1481,11,9,10,Ak-Cy_CsF_octane
1482,12,9,10,Ak-tBu_CsF_octane
1483,13,9,10,Ak-nBu_CsF_octane
1484,14,9,10,Ak-Me_CsF_octane
1485,15,9,10,Ak-Et_CsF_octane
1486,1,10,10,Ar-H_NEt4OH_octane
1487,2,10,10,Ar-OMe_NEt4OH_octane
1488,3,10,10,Ar-Me2OMe_NEt4OH_octane
1489,4,10,10,Ar-Me3_NEt4OH_octane
1490,5,10,10,Ar-Me2_NEt4OH_octane
1491,6,10,10,Ar-F_NEt4OH_octane
1492,7,10,10,Ar-CF3_NEt4OH_octane
1493,8,10,10,Ar-CF32_NEt4OH_octane
1494,9,10,10,Ar-F5_NEt4OH_octane
1495,10,10,10,Ar-Cl_NEt4OH_octane
1496,11,10,10,Ak-Cy_NEt4OH_octane
1497,12,10,10,Ak-tBu_NEt4OH_octane
1498,13,10,10,Ak-nBu_NEt4OH_octane
1499,14,10,10,Ak-Me_NEt4OH_octane
1500,15,10,10,Ak-Et_NEt4OH_octane
